{
  "description": "项目私有配置文件。此文件中的内容将覆盖 project.config.json 中的相同字段。项目的改动优先同步到此文件中。详见文档：https://developers.weixin.qq.com/miniprogram/dev/devtools/projectconfig.html",
  "projectname": "%E9%80%9A%E5%A4%A7%E4%BA%A4%E5%8F%8B%E6%81%8B%E7%88%B1%E5%B0%8F%E7%A8%8B%E5%BA%8F",
  "setting": {
    "compileHotReLoad": false,
    "urlCheck": true
  },
  "condition": {
    "miniprogram": {
      "list": [
        {
          "name": "",
          "pathName": "pages/college-circle/college-circle",
          "query": "",
          "launchMode": "default",
          "scene": null
        }
      ]
    }
  },
  "libVersion": "2.19.6"
}